{
    "name": "root",
    "gauges": {
        "AirCollector.Policy.Entropy.mean": {
            "value": 1.0675387382507324,
            "min": 1.0590420961380005,
            "max": 2.1106722354888916,
            "count": 60
        },
        "AirCollector.Policy.Entropy.sum": {
            "value": 52864.515625,
            "min": 52539.5546875,
            "max": 112490.390625,
            "count": 60
        },
        "AirCollector.Environment.EpisodeLength.mean": {
            "value": 1693.3714285714286,
            "min": 43.65836298932384,
            "max": 2150.1739130434785,
            "count": 60
        },
        "AirCollector.Environment.EpisodeLength.sum": {
            "value": 59268.0,
            "min": 25857.0,
            "max": 79009.0,
            "count": 60
        },
        "AirCollector.Step.mean": {
            "value": 2999879.0,
            "min": 49951.0,
            "max": 2999879.0,
            "count": 60
        },
        "AirCollector.Step.sum": {
            "value": 2999879.0,
            "min": 49951.0,
            "max": 2999879.0,
            "count": 60
        },
        "AirCollector.Policy.ExtrinsicValueEstimate.mean": {
            "value": 647.2509155273438,
            "min": -1.210807204246521,
            "max": 662.4138793945312,
            "count": 60
        },
        "AirCollector.Policy.ExtrinsicValueEstimate.sum": {
            "value": 264078.375,
            "min": -780.9706420898438,
            "max": 269602.4375,
            "count": 60
        },
        "AirCollector.Environment.CumulativeReward.mean": {
            "value": 11565.159569661531,
            "min": -2.7951821979531584,
            "max": 13530.946954271069,
            "count": 60
        },
        "AirCollector.Environment.CumulativeReward.sum": {
            "value": 404780.5849381536,
            "min": -1313.7356330379844,
            "max": 533798.0739327148,
            "count": 60
        },
        "AirCollector.Policy.ExtrinsicReward.mean": {
            "value": 11565.159569661531,
            "min": -2.7951821979531584,
            "max": 13530.946954271069,
            "count": 60
        },
        "AirCollector.Policy.ExtrinsicReward.sum": {
            "value": 404780.5849381536,
            "min": -1313.7356330379844,
            "max": 533798.0739327148,
            "count": 60
        },
        "AirCollector.Losses.PolicyLoss.mean": {
            "value": 0.06435644882094925,
            "min": 0.06288629016271803,
            "max": 0.0706961694974537,
            "count": 60
        },
        "AirCollector.Losses.PolicyLoss.sum": {
            "value": 1.4801983228818327,
            "min": 1.4047143877237347,
            "max": 1.6861641561202831,
            "count": 60
        },
        "AirCollector.Losses.ValueLoss.mean": {
            "value": 1590.7583571779378,
            "min": 4.810280850905802,
            "max": 3802.7471051105467,
            "count": 60
        },
        "AirCollector.Losses.ValueLoss.sum": {
            "value": 36587.44221509257,
            "min": 101.01589786902184,
            "max": 89788.5814033874,
            "count": 60
        },
        "AirCollector.Policy.LearningRate.mean": {
            "value": 2.5268165490652155e-06,
            "min": 2.5268165490652155e-06,
            "max": 0.0002973011104234397,
            "count": 60
        },
        "AirCollector.Policy.LearningRate.sum": {
            "value": 5.8116780628499956e-05,
            "min": 5.8116780628499956e-05,
            "max": 0.007018500460499866,
            "count": 60
        },
        "AirCollector.Policy.Epsilon.mean": {
            "value": 0.1008422391304348,
            "min": 0.1008422391304348,
            "max": 0.19910036984126986,
            "count": 60
        },
        "AirCollector.Policy.Epsilon.sum": {
            "value": 2.3193715000000004,
            "min": 2.3193715000000004,
            "max": 4.739500133333333,
            "count": 60
        },
        "AirCollector.Policy.Beta.mean": {
            "value": 5.202773260869563e-05,
            "min": 5.202773260869563e-05,
            "max": 0.0049551084550793646,
            "count": 60
        },
        "AirCollector.Policy.Beta.sum": {
            "value": 0.0011966378499999994,
            "min": 0.0011966378499999994,
            "max": 0.11698105665333333,
            "count": 60
        },
        "AirCollector.IsTraining.mean": {
            "value": 1.0,
            "min": 1.0,
            "max": 1.0,
            "count": 60
        },
        "AirCollector.IsTraining.sum": {
            "value": 1.0,
            "min": 1.0,
            "max": 1.0,
            "count": 60
        }
    },
    "metadata": {
        "timer_format_version": "0.1.0",
        "start_time_seconds": "1691052032",
        "python_version": "3.9.16 (main, Mar 24 2023, 14:28:07) \n[GCC 11.3.0]",
        "command_line_arguments": "/home/florentin/projects/python/unity_ml_agents/venv/bin/mlagents-learn /home/florentin/projects/unity/builds/Shared.yaml --env=/home/florentin/projects/unity/builds/AirCollectorPlus_Seed_Env_16/bin/AirCollector.x86_64 --force --no-graphics --time-scale=8 --num-envs=8 --seed=0 --run-id=Air00_shared_config_agents_16_workers_8_seed_0",
        "mlagents_version": "0.31.0.dev0",
        "mlagents_envs_version": "0.31.0.dev0",
        "communication_protocol_version": "1.5.0",
        "pytorch_version": "1.13.1+cu117",
        "numpy_version": "1.21.2",
        "end_time_seconds": "1691053776"
    },
    "total": 1744.4660250260001,
    "count": 1,
    "self": 0.3735277880002741,
    "children": {
        "run_training.setup": {
            "total": 0.04521853000005649,
            "count": 1,
            "self": 0.04521853000005649
        },
        "TrainerController.start_learning": {
            "total": 1744.0472787079998,
            "count": 1,
            "self": 1.9220155919967965,
            "children": {
                "TrainerController._reset_env": {
                    "total": 1.5087318719999985,
                    "count": 1,
                    "self": 1.5087318719999985
                },
                "TrainerController.advance": {
                    "total": 1740.577146623003,
                    "count": 48056,
                    "self": 1.7523457070419681,
                    "children": {
                        "env_step": {
                            "total": 544.7017970869813,
                            "count": 48056,
                            "self": 212.8863240918854,
                            "children": {
                                "SubprocessEnvManager._take_step": {
                                    "total": 330.072935637093,
                                    "count": 194185,
                                    "self": 14.525544224008854,
                                    "children": {
                                        "TorchPolicy.evaluate": {
                                            "total": 315.54739141308414,
                                            "count": 187954,
                                            "self": 315.54739141308414
                                        }
                                    }
                                },
                                "workers": {
                                    "total": 1.7425373580028918,
                                    "count": 48056,
                                    "self": 0.0,
                                    "children": {
                                        "worker_root": {
                                            "total": 13945.09532743708,
                                            "count": 194181,
                                            "is_parallel": true,
                                            "self": 12512.787721552024,