{
    "name": "root",
    "gauges": {
        "AirCollector.Policy.Entropy.mean": {
            "value": 1.1476136445999146,
            "min": 1.1419719457626343,
            "max": 2.108335256576538,
            "count": 60
        },
        "AirCollector.Policy.Entropy.sum": {
            "value": 57747.91796875,
            "min": 56639.90234375,
            "max": 119955.84375,
            "count": 60
        },
        "AirCollector.Environment.EpisodeLength.mean": {
            "value": 2438.823529411765,
            "min": 36.33009708737864,
            "max": 2499.0,
            "count": 60
        },
        "AirCollector.Environment.EpisodeLength.sum": {
            "value": 41460.0,
            "min": 24139.0,
            "max": 74970.0,
            "count": 60
        },
        "AirCollector.Step.mean": {
            "value": 2999953.0,
            "min": 49936.0,
            "max": 2999953.0,
            "count": 60
        },
        "AirCollector.Step.sum": {
            "value": 2999953.0,
            "min": 49936.0,
            "max": 2999953.0,
            "count": 60
        },
        "AirCollector.Policy.ExtrinsicValueEstimate.mean": {
            "value": 654.9765625,
            "min": -0.9939536452293396,
            "max": 654.9765625,
            "count": 60
        },
        "AirCollector.Policy.ExtrinsicValueEstimate.sum": {
            "value": 261335.65625,
            "min": -757.3927001953125,
            "max": 262527.25,
            "count": 60
        },
        "AirCollector.Environment.CumulativeReward.mean": {
            "value": 15929.878234863281,
            "min": -9.973403771004573,
            "max": 16244.90258178711,
            "count": 60
        },
        "AirCollector.Environment.CumulativeReward.sum": {
            "value": 270807.9299926758,
            "min": -2533.2445578351617,
            "max": 484172.89779663086,
            "count": 60
        },
        "AirCollector.Policy.ExtrinsicReward.mean": {
            "value": 15929.878234863281,
            "min": -9.973403771004573,
            "max": 16244.90258178711,
            "count": 60
        },
        "AirCollector.Policy.ExtrinsicReward.sum": {
            "value": 270807.9299926758,
            "min": -2533.2445578351617,
            "max": 484172.89779663086,
            "count": 60
        },
        "AirCollector.Losses.PolicyLoss.mean": {
            "value": 0.06754376665354933,
            "min": 0.06436160438861786,
            "max": 0.07194716450536968,
            "count": 60
        },
        "AirCollector.Losses.PolicyLoss.sum": {
            "value": 0.202631299960648,
            "min": 0.19308481316585357,
            "max": 0.272685274399136,
            "count": 60
        },
        "AirCollector.Losses.ValueLoss.mean": {
            "value": 153.2776444885466,
            "min": 0.34814688113854375,
            "max": 3208.1288306559086,
            "count": 60
        },
        "AirCollector.Losses.ValueLoss.sum": {
            "value": 459.83293346563977,
            "min": 1.0444406434156313,
            "max": 9624.386491967725,
            "count": 60
        },
        "AirCollector.Policy.LearningRate.mean": {
            "value": 1.9471326843222142e-06,
            "min": 1.9471326843222142e-06,
            "max": 0.00029671116776294445,
            "count": 60
        },
        "AirCollector.Policy.LearningRate.sum": {
            "value": 5.841398052966642e-06,
            "min": 5.841398052966642e-06,
            "max": 0.0008901335032888333,
            "count": 60
        },
        "AirCollector.Policy.Epsilon.mean": {
            "value": 0.10064901111111113,
            "min": 0.10064901111111113,
            "max": 0.19890372222222222,
            "count": 60
        },
        "AirCollector.Policy.Epsilon.sum": {
            "value": 0.3019470333333334,
            "min": 0.3019470333333334,
            "max": 0.6233456,
            "count": 60
        },
        "AirCollector.Policy.Beta.mean": {
            "value": 4.238565444444432e-05,
            "min": 4.238565444444432e-05,
            "max": 0.004945295738888889,
            "count": 60
        },
        "AirCollector.Policy.Beta.sum": {
            "value": 0.00012715696333333296,
            "min": 0.00012715696333333296,
            "max": 0.014835887216666666,
            "count": 60
        },
        "AirCollector.IsTraining.mean": {
            "value": 1.0,
            "min": 1.0,
            "max": 1.0,
            "count": 60
        },
        "AirCollector.IsTraining.sum": {
            "value": 1.0,
            "min": 1.0,
            "max": 1.0,
            "count": 60
        }
    },
    "metadata": {
        "timer_format_version": "0.1.0",
        "start_time_seconds": "1691250936",
        "python_version": "3.9.16 (main, Mar 24 2023, 14:28:07) \n[GCC 11.3.0]",
        "command_line_arguments": "/home/florentin/projects/python/unity_ml_agents/venv/bin/mlagents-learn /home/florentin/projects/unity/unity_ml_agents_experiments/config/shared.yaml --env=/home/florentin/projects/unity/unity_ml_agents_experiments/builds/AirCollectorPlus_Seed_Env_16/bin/AirCollector.x86_64 --force --no-graphics --time-scale=8 --num-envs=8 --seed=0 --run-id=Air00_config_shared_agents_16_workers_8_seed_0",
        "mlagents_version": "0.31.0.dev0",
        "mlagents_envs_version": "0.31.0.dev0",
        "communication_protocol_version": "1.5.0",
        "pytorch_version": "1.13.1+cu117",
        "numpy_version": "1.21.2",
        "end_time_seconds": "1691252565"
    },
    "total": 1629.7909412490044,
    "count": 1,
    "self": 0.3716937770077493,
    "children": {
        "run_training.setup": {
            "total": 0.04884745500021381,
            "count": 1,
            "self": 0.04884745500021381
        },
        "TrainerController.start_learning": {
            "total": 1629.3704000169964,
            "count": 1,
            "self": 1.7229678428993793,
            "children": {
                "TrainerController._reset_env": {
                    "total": 2.2358120790013345,
                    "count": 1,
                    "self": 2.2358120790013345
                },
                "TrainerController.advance": {
                    "total": 1625.3783193950949,
                    "count": 48799,
                    "self": 1.5425323757299338,
                    "children": {
                        "env_step": {
                            "total": 492.0508587960139,
                            "count": 48799,
                            "self": 192.44949841714697,
                            "children": {
                                "SubprocessEnvManager._take_step": {
                                    "total": 298.05230859393487,
                                    "count": 197653,
                                    "self": 12.408768551998946,
                                    "children": {
                                        "TorchPolicy.evaluate": {
                                            "total": 285.6435400419359,
                                            "count": 187995,
                                            "self": 285.6435400419359
                                        }
                                    }
                                },
                                "workers": {
                                    "total": 1.5490517849320895,
                                    "count": 48799,
                                    "self": 0.0,
                                    "children": {
                                        "worker_root": {
                                            "total": 13028.76206677578,
                                            "count": 197649,
                                            "is_parallel": true,
                                            "self": 11708.984413267346,