{
    "name": "root",
    "gauges": {
        "AirCollector.Policy.Entropy.mean": {
            "value": 1.031700849533081,
            "min": 0.9941888451576233,
            "max": 2.077410936355591,
            "count": 60
        },
        "AirCollector.Policy.Entropy.sum": {
            "value": 51073.31640625,
            "min": 49488.875,
            "max": 113343.546875,
            "count": 60
        },
        "AirCollector.Environment.EpisodeLength.mean": {
            "value": 1536.7948717948718,
            "min": 46.080258302583026,
            "max": 2241.217391304348,
            "count": 60
        },
        "AirCollector.Environment.EpisodeLength.sum": {
            "value": 59935.0,
            "min": 18263.0,
            "max": 83978.0,
            "count": 60
        },
        "AirCollector.Step.mean": {
            "value": 2999904.0,
            "min": 49988.0,
            "max": 2999904.0,
            "count": 60
        },
        "AirCollector.Step.sum": {
            "value": 2999904.0,
            "min": 49988.0,
            "max": 2999904.0,
            "count": 60
        },
        "AirCollector.Policy.ExtrinsicValueEstimate.mean": {
            "value": 651.1873168945312,
            "min": -0.6113348603248596,
            "max": 662.0505981445312,
            "count": 60
        },
        "AirCollector.Policy.ExtrinsicValueEstimate.sum": {
            "value": 265684.4375,
            "min": -403.48101806640625,
            "max": 268427.0,
            "count": 60
        },
        "AirCollector.Environment.CumulativeReward.mean": {
            "value": 10486.811779032914,
            "min": -1.5399806059120844,
            "max": 14004.958659037948,
            "count": 60
        },
        "AirCollector.Environment.CumulativeReward.sum": {
            "value": 408985.6593822837,
            "min": -739.1906908378005,
            "max": 483712.6142784953,
            "count": 60
        },
        "AirCollector.Policy.ExtrinsicReward.mean": {
            "value": 10486.811779032914,
            "min": -1.5399806059120844,
            "max": 14004.958659037948,
            "count": 60
        },
        "AirCollector.Policy.ExtrinsicReward.sum": {
            "value": 408985.6593822837,
            "min": -739.1906908378005,
            "max": 483712.6142784953,
            "count": 60
        },
        "AirCollector.Losses.PolicyLoss.mean": {
            "value": 0.06787596446899177,
            "min": 0.064042960024412,
            "max": 0.07177640740879877,
            "count": 60
        },
        "AirCollector.Losses.PolicyLoss.sum": {
            "value": 1.5611471827868106,
            "min": 1.4543280822896083,
            "max": 1.7117222082004182,
            "count": 60
        },
        "AirCollector.Losses.ValueLoss.mean": {
            "value": 1677.729657804468,
            "min": 4.498339690479663,
            "max": 3609.430373482714,
            "count": 60
        },
        "AirCollector.Losses.ValueLoss.sum": {
            "value": 38587.78212950276,
            "min": 94.46513350007292,
            "max": 86626.32896358514,
            "count": 60
        },
        "AirCollector.Policy.LearningRate.mean": {
            "value": 2.4278252777144917e-06,
            "min": 2.4278252777144917e-06,
            "max": 0.00029726530567346983,
            "count": 60
        },
        "AirCollector.Policy.LearningRate.sum": {
            "value": 5.583998138743331e-05,
            "min": 5.583998138743331e-05,
            "max": 0.006902240499253199,
            "count": 60
        },
        "AirCollector.Policy.Epsilon.mean": {
            "value": 0.10080924202898552,
            "min": 0.10080924202898552,
            "max": 0.1990884349206349,
            "count": 60
        },
        "AirCollector.Policy.Epsilon.sum": {
            "value": 2.318612566666667,
            "min": 2.318612566666667,
            "max": 4.7007468,
            "count": 60
        },
        "AirCollector.Policy.Beta.mean": {
            "value": 5.038117724637681e-05,
            "min": 5.038117724637681e-05,
            "max": 0.004954512902539683,
            "count": 60
        },
        "AirCollector.Policy.Beta.sum": {
            "value": 0.0011587670766666665,
            "min": 0.0011587670766666665,
            "max": 0.11504726532000001,
            "count": 60
        },
        "AirCollector.IsTraining.mean": {
            "value": 1.0,
            "min": 1.0,
            "max": 1.0,
            "count": 60
        },
        "AirCollector.IsTraining.sum": {
            "value": 1.0,
            "min": 1.0,
            "max": 1.0,
            "count": 60
        }
    },
    "metadata": {
        "timer_format_version": "0.1.0",
        "start_time_seconds": "1691053778",
        "python_version": "3.9.16 (main, Mar 24 2023, 14:28:07) \n[GCC 11.3.0]",
        "command_line_arguments": "/home/florentin/projects/python/unity_ml_agents/venv/bin/mlagents-learn /home/florentin/projects/unity/builds/Shared.yaml --env=/home/florentin/projects/unity/builds/AirCollectorPlus_Seed_Env_16/bin/AirCollector.x86_64 --force --no-graphics --time-scale=8 --num-envs=8 --seed=1 --run-id=Air01_shared_config_agents_16_workers_8_seed_1",
        "mlagents_version": "0.31.0.dev0",
        "mlagents_envs_version": "0.31.0.dev0",
        "communication_protocol_version": "1.5.0",
        "pytorch_version": "1.13.1+cu117",
        "numpy_version": "1.21.2",
        "end_time_seconds": "1691055457"
    },
    "total": 1679.322422587,
    "count": 1,
    "self": 0.3722959849997096,
    "children": {
        "run_training.setup": {
            "total": 0.0516109029999825,
            "count": 1,
            "self": 0.0516109029999825
        },
        "TrainerController.start_learning": {
            "total": 1678.8985156990002,
            "count": 1,
            "self": 1.7924055049670642,
            "children": {
                "TrainerController._reset_env": {
                    "total": 1.4870990189997428,
                    "count": 1,
                    "self": 1.4870990189997428
                },
                "TrainerController.advance": {
                    "total": 1675.5830747600326,
                    "count": 48037,
                    "self": 1.5393659529827346,
                    "children": {
                        "env_step": {
                            "total": 513.9228161070209,
                            "count": 48037,
                            "self": 200.82102559293662,
                            "children": {
                                "SubprocessEnvManager._take_step": {
                                    "total": 311.4682877270916,
                                    "count": 193404,
                                    "self": 13.174157573093453,
                                    "children": {
                                        "TorchPolicy.evaluate": {
                                            "total": 298.29413015399814,
                                            "count": 188020,
                                            "self": 298.29413015399814
                                        }
                                    }
                                },
                                "workers": {
                                    "total": 1.6335027869927217,
                                    "count": 48037,
                                    "self": 0.0,
                                    "children": {
                                        "worker_root": {
                                            "total": 13424.506365262732,
                                            "count": 193400,
                                            "is_parallel": true,
                                            "self": 12019.560563658715,