{
    "name": "root",
    "gauges": {
        "AirCollector.Policy.Entropy.mean": {
            "value": 1.2374539375305176,
            "min": 1.2302743196487427,
            "max": 2.112553596496582,
            "count": 64
        },
        "AirCollector.Policy.Entropy.sum": {
            "value": 61555.90625,
            "min": 61434.9765625,
            "max": 112692.0546875,
            "count": 64
        },
        "AirCollector.Environment.EpisodeLength.mean": {
            "value": 2222.217391304348,
            "min": 39.94202898550725,
            "max": 2445.7368421052633,
            "count": 64
        },
        "AirCollector.Environment.EpisodeLength.sum": {
            "value": 51111.0,
            "min": 27327.0,
            "max": 66563.0,
            "count": 64
        },
        "AirCollector.Step.mean": {
            "value": 3199940.0,
            "min": 49959.0,
            "max": 3199940.0,
            "count": 64
        },
        "AirCollector.Step.sum": {
            "value": 3199940.0,
            "min": 49959.0,
            "max": 3199940.0,
            "count": 64
        },
        "AirCollector.Policy.ExtrinsicValueEstimate.mean": {
            "value": 634.6908569335938,
            "min": -1.1635178327560425,
            "max": 634.6908569335938,
            "count": 64
        },
        "AirCollector.Policy.ExtrinsicValueEstimate.sum": {
            "value": 508387.375,
            "min": -1047.166015625,
            "max": 509327.25,
            "count": 64
        },
        "AirCollector.Environment.CumulativeReward.mean": {
            "value": 14239.700182835693,
            "min": -9.134640512531814,
            "max": 15648.85886635749,
            "count": 64
        },
        "AirCollector.Environment.CumulativeReward.sum": {
            "value": 327513.10420522094,
            "min": -2237.9869255702943,
            "max": 422183.8888452202,
            "count": 64
        },
        "AirCollector.Policy.ExtrinsicReward.mean": {
            "value": 14239.700182835693,
            "min": -9.134640512531814,
            "max": 15648.85886635749,
            "count": 64
        },
        "AirCollector.Policy.ExtrinsicReward.sum": {
            "value": 327513.10420522094,
            "min": -2237.9869255702943,
            "max": 422183.8888452202,
            "count": 64
        },
        "AirCollector.Losses.PolicyLoss.mean": {
            "value": 0.022389166848928048,
            "min": 0.02094480581751365,
            "max": 0.027517370606268132,
            "count": 64
        },
        "AirCollector.Losses.PolicyLoss.sum": {
            "value": 0.11194583424464023,
            "min": 0.0837792232700546,
            "max": 0.13758685303134066,
            "count": 64
        },
        "AirCollector.Losses.ValueLoss.mean": {
            "value": 384.0524864705403,
            "min": 0.40386307512720426,
            "max": 4068.0991992187496,
            "count": 64
        },
        "AirCollector.Losses.ValueLoss.sum": {
            "value": 1920.2624323527016,
            "min": 1.615452300508817,
            "max": 20340.49599609375,
            "count": 64
        },
        "AirCollector.Policy.LearningRate.mean": {
            "value": 2.3433992189000104e-06,
            "min": 2.3433992189000104e-06,
            "max": 0.000297473625842125,
            "count": 64
        },
        "AirCollector.Policy.LearningRate.sum": {
            "value": 1.1716996094500051e-05,
            "min": 1.1716996094500051e-05,
            "max": 0.00146556526147825,
            "count": 64
        },
        "AirCollector.Policy.Epsilon.mean": {
            "value": 0.1007811,
            "min": 0.1007811,
            "max": 0.19915787499999998,
            "count": 64
        },
        "AirCollector.Policy.Epsilon.sum": {
            "value": 0.5039055,
            "min": 0.42820156250000013,
            "max": 0.9885217500000002,
            "count": 64
        },
        "AirCollector.Policy.Beta.mean": {
            "value": 4.897689000000017e-05,
            "min": 4.897689000000017e-05,
            "max": 0.0049579779625,
            "count": 64
        },
        "AirCollector.Policy.Beta.sum": {
            "value": 0.00024488445000000087,
            "min": 0.00024488445000000087,
            "max": 0.024427235325,
            "count": 64
        },
        "AirCollector.IsTraining.mean": {
            "value": 1.0,
            "min": 1.0,
            "max": 1.0,
            "count": 64
        },
        "AirCollector.IsTraining.sum": {
            "value": 1.0,
            "min": 1.0,
            "max": 1.0,
            "count": 64
        }
    },
    "metadata": {
        "timer_format_version": "0.1.0",
        "start_time_seconds": "1690619189",
        "python_version": "3.9.16 (main, Mar 24 2023, 14:28:07) \n[GCC 11.3.0]",
        "command_line_arguments": "/home/florentin/projects/python/unity_ml_agents/venv/bin/mlagents-learn /home/florentin/projects/unity/builds/Default_25_Min.yaml --env=/home/florentin/projects/unity/builds/AirCollectorPlus_Seed_Env_16/bin/AirCollector.x86_64 --force --no-graphics --time-scale=8 --num-envs=8 --seed=2 --run-id=Air02_default_config_agents_16_workers_8_seed_2_25_min",
        "mlagents_version": "0.31.0.dev0",
        "mlagents_envs_version": "0.31.0.dev0",
        "communication_protocol_version": "1.5.0",
        "pytorch_version": "1.13.1+cu117",
        "numpy_version": "1.21.2",
        "end_time_seconds": "1690620561"
    },
    "total": 1371.963610507999,
    "count": 1,
    "self": 0.37082699999882607,
    "children": {
        "run_training.setup": {
            "total": 0.04717818700009957,
            "count": 1,
            "self": 0.04717818700009957
        },
        "TrainerController.start_learning": {
            "total": 1371.545605321,
            "count": 1,
            "self": 1.6949774162276299,
            "children": {
                "TrainerController._reset_env": {
                    "total": 1.3829447969983448,
                    "count": 1,
                    "self": 1.3829447969983448
                },
                "TrainerController.advance": {
                    "total": 1368.433043640769,
                    "count": 51996,
                    "self": 1.4516098916647024,
                    "children": {
                        "env_step": {
                            "total": 484.57998902574036,
                            "count": 51996,
                            "self": 183.35818662708334,
                            "children": {
                                "SubprocessEnvManager._take_step": {
                                    "total": 299.62463652403676,
                                    "count": 210490,
                                    "self": 12.076577722727961,
                                    "children": {
                                        "TorchPolicy.evaluate": {
                                            "total": 287.5480588013088,
                                            "count": 200243,
                                            "self": 287.5480588013088
                                        }
                                    }
                                },
                                "workers": {
                                    "total": 1.5971658746202593,
                                    "count": 51996,
                                    "self": 0.0,
                                    "children": {
                                        "worker_root": {
                                            "total": 10966.005535740573,
                                            "count": 210486,
                                            "is_parallel": true,
                                            "self": 9607.285953940685,