{
    "name": "root",
    "gauges": {
        "AirCollector.Policy.Entropy.mean": {
            "value": 1.0115562677383423,
            "min": 0.9889735579490662,
            "max": 2.10791015625,
            "count": 60
        },
        "AirCollector.Policy.Entropy.sum": {
            "value": 50642.5546875,
            "min": 49084.734375,
            "max": 113591.0625,
            "count": 60
        },
        "AirCollector.Environment.EpisodeLength.mean": {
            "value": 1503.1379310344828,
            "min": 41.812709030100336,
            "max": 2317.9583333333335,
            "count": 60
        },
        "AirCollector.Environment.EpisodeLength.sum": {
            "value": 43591.0,
            "min": 19870.0,
            "max": 71834.0,
            "count": 60
        },
        "AirCollector.Step.mean": {
            "value": 2999980.0,
            "min": 49973.0,
            "max": 2999980.0,
            "count": 60
        },
        "AirCollector.Step.sum": {
            "value": 2999980.0,
            "min": 49973.0,
            "max": 2999980.0,
            "count": 60
        },
        "AirCollector.Policy.ExtrinsicValueEstimate.mean": {
            "value": 671.9378051757812,
            "min": -2.013184070587158,
            "max": 678.6730346679688,
            "count": 60
        },
        "AirCollector.Policy.ExtrinsicValueEstimate.sum": {
            "value": 272134.8125,
            "min": -1244.1478271484375,
            "max": 272134.8125,
            "count": 60
        },
        "AirCollector.Environment.CumulativeReward.mean": {
            "value": 10388.005879747456,
            "min": -5.134173548909065,
            "max": 15261.105023549153,
            "count": 60
        },
        "AirCollector.Environment.CumulativeReward.sum": {
            "value": 301252.17051267624,
            "min": -2192.292105384171,
            "max": 473815.0489959717,
            "count": 60
        },
        "AirCollector.Policy.ExtrinsicReward.mean": {
            "value": 10388.005879747456,
            "min": -5.134173548909065,
            "max": 15261.105023549153,
            "count": 60
        },
        "AirCollector.Policy.ExtrinsicReward.sum": {
            "value": 301252.17051267624,
            "min": -2192.292105384171,
            "max": 473815.0489959717,
            "count": 60
        },
        "AirCollector.Losses.PolicyLoss.mean": {
            "value": 0.06995264706113732,
            "min": 0.06435308095666041,
            "max": 0.07202139067320114,
            "count": 60
        },
        "AirCollector.Losses.PolicyLoss.sum": {
            "value": 1.6089108824061584,
            "min": 1.461092283414782,
            "max": 1.709120931459562,
            "count": 60
        },
        "AirCollector.Losses.ValueLoss.mean": {
            "value": 1449.6287379305184,
            "min": 0.8355813866927791,
            "max": 3605.7681318859245,
            "count": 60
        },
        "AirCollector.Losses.ValueLoss.sum": {
            "value": 33341.460972401925,
            "min": 17.547209120548363,
            "max": 82932.66703337626,
            "count": 60
        },
        "AirCollector.Policy.LearningRate.mean": {
            "value": 2.5097817721347825e-06,
            "min": 2.5097817721347825e-06,
            "max": 0.0002973229818447206,
            "count": 60
        },
        "AirCollector.Policy.LearningRate.sum": {
            "value": 5.7724980759099996e-05,
            "min": 5.7724980759099996e-05,
            "max": 0.007020356259881266,
            "count": 60
        },
        "AirCollector.Policy.Epsilon.mean": {
            "value": 0.10083656086956524,
            "min": 0.10083656086956524,
            "max": 0.1991076603174603,
            "count": 60
        },
        "AirCollector.Policy.Epsilon.sum": {
            "value": 2.3192409000000005,
            "min": 2.3192409000000005,
            "max": 4.7401187333333334,
            "count": 60
        },
        "AirCollector.Policy.Beta.mean": {
            "value": 5.174438739130434e-05,
            "min": 5.174438739130434e-05,
            "max": 0.004955472249841271,
            "count": 60
        },
        "AirCollector.Policy.Beta.sum": {
            "value": 0.0011901209099999999,
            "min": 0.0011901209099999999,
            "max": 0.11701192479333333,
            "count": 60
        },
        "AirCollector.IsTraining.mean": {
            "value": 1.0,
            "min": 1.0,
            "max": 1.0,
            "count": 60
        },
        "AirCollector.IsTraining.sum": {
            "value": 1.0,
            "min": 1.0,
            "max": 1.0,
            "count": 60
        }
    },
    "metadata": {
        "timer_format_version": "0.1.0",
        "start_time_seconds": "1691057096",
        "python_version": "3.9.16 (main, Mar 24 2023, 14:28:07) \n[GCC 11.3.0]",
        "command_line_arguments": "/home/florentin/projects/python/unity_ml_agents/venv/bin/mlagents-learn /home/florentin/projects/unity/builds/Shared.yaml --env=/home/florentin/projects/unity/builds/AirCollectorPlus_Seed_Env_16/bin/AirCollector.x86_64 --force --no-graphics --time-scale=8 --num-envs=8 --seed=3 --run-id=Air03_shared_config_agents_16_workers_8_seed_3",
        "mlagents_version": "0.31.0.dev0",
        "mlagents_envs_version": "0.31.0.dev0",
        "communication_protocol_version": "1.5.0",
        "pytorch_version": "1.13.1+cu117",
        "numpy_version": "1.21.2",
        "end_time_seconds": "1691058771"
    },
    "total": 1674.7877645160006,
    "count": 1,
    "self": 0.3706143590006832,
    "children": {
        "run_training.setup": {
            "total": 0.04910941300022387,
            "count": 1,
            "self": 0.04910941300022387
        },
        "TrainerController.start_learning": {
            "total": 1674.3680407439997,
            "count": 1,
            "self": 1.780844450042423,
            "children": {
                "TrainerController._reset_env": {
                    "total": 1.4457116650000899,
                    "count": 1,
                    "self": 1.4457116650000899
                },
                "TrainerController.advance": {
                    "total": 1671.1028065979572,
                    "count": 47843,
                    "self": 1.5630054970006313,
                    "children": {
                        "env_step": {
                            "total": 519.5276189429624,
                            "count": 47843,
                            "self": 203.43000374028452,
                            "children": {
                                "SubprocessEnvManager._take_step": {
                                    "total": 314.44153692873806,
                                    "count": 192965,
                                    "self": 13.29426461051753,
                                    "children": {
                                        "TorchPolicy.evaluate": {
                                            "total": 301.14727231822053,
                                            "count": 188038,
                                            "self": 301.14727231822053
                                        }
                                    }
                                },
                                "workers": {
                                    "total": 1.6560782739397837,
                                    "count": 47843,
                                    "self": 0.0,
                                    "children": {
                                        "worker_root": {
                                            "total": 13388.477536551061,
                                            "count": 192961,
                                            "is_parallel": true,
                                            "self": 12023.505577573102,